{
  "project_info": {
    "project_number": "39900448992",
    "project_id": "parcial1-3273c",
    "storage_bucket": "parcial1-3273c.appspot.com"
  },
  "client": [
    {
      "client_info": {
        "mobilesdk_app_id": "1:39900448992:android:dc742a2ab02ab9cd3be885",
        "android_client_info": {
          "package_name": "com.example.parcial1"
        }
      },
      "oauth_client": [],
      "api_key": [
        {
          "current_key": "AIzaSyCOs-x5XA_Ves7gMOLUXdQKYsHlRhqSYLw"
        }
      ],
      "services": {
        "appinvite_service": {
          "other_platform_oauth_client": []
        }
      }
    }
  ],
  "configuration_version": "1"
}